image_name,label
124972799.jpg,pet
1313987366.jpg,person
1353009866.jpg,pet
143149186.jpg,person
1799271536.jpg,pet
1832085044.jpg,pet
189022647.jpg,person
2098646162.jpg,pet
2111061687.jpg,pet
2120161244.jpg,person
219123214.jpg,pet
2218743570.jpg,pet
2224541007.jpg,person
226456619.jpg,pet
2302955243.jpg,person
233581449.jpg,pet
2446846666.jpg,person
2483783092.jpg,pet
2506892928.jpg,person
2598012140.jpg,pet
2599444370.jpg,pet
2608116127.jpg,pet
2664091531.jpg,person
2705102979.jpg,person
2882483779.jpg,pet
298122528.jpg,pet
300222673.jpg,pet
3229898555.jpg,pet
3264337159.jpg,pet
3361630301.jpg,person
336187979.jpg,person
3393446245.jpg,person
3421480658.jpg,pet
3500115252.jpg,pet
351876121.jpg,pet
3522349685.jpg,pet
3561498139.jpg,person
3631839768.jpg,person
364747261.jpg,pet
3666188658.jpg,person
3781481086.jpg,person
3947306345.jpg,pet
4070112495.jpg,person
4089787993.jpg,pet
4329180364.jpg,person
43331469.jpg,pet
4409805003.jpg,person
4442309833.jpg,person
4442319130.jpg,pet
4443087396.jpg,pet
4567311889.jpg,pet
4606967207.jpg,person
4789374589.jpg,pet
4887472414.jpg,pet
4887607422.jpg,pet
4896937239.jpg,pet
4972937159.jpg,pet
50030244.jpg,pet
5090110064.jpg,pet
5846691766.jpg,person
6184270681.jpg,person
65757777.jpg,person
6878109611.jpg,pet
7092793359.jpg,pet
771048251.jpg,pet
8238928026.jpg,pet
86901941.jpg,person
97406261.jpg,pet
1001773457.jpg,pet
1003163366.jpg,pet
1009434119.jpg,pet
1009692167.jpg,pet
1012212859.jpg,pet
1015584366.jpg,pet
101654506.jpg,pet
1019077836.jpg,pet
1019604187.jpg,pet
1020651753.jpg,pet
1022975728.jpg,pet
1026685415.jpg,pet
1030985833.jpg,pet
1040426962.jpg,pet
1056873310.jpg,pet
1057251835.jpg,pet
1067180831.jpg,pet
1067790824.jpg,pet
1072153132.jpg,pet
1082252566.jpg,pet
1084040636.jpg,pet
1089181217.jpg,pet
1094462889.jpg,pet
1095580424.jpg,pet
1095590286.jpg,pet
1096097967.jpg,pet
1110208841.jpg,pet
1117972841.jpg,pet
1119015538.jpg,pet
1119418776.jpg,pet
1129704496.jpg,pet
1130369873.jpg,pet
1131800850.jpg,pet
115275821.jpg,pet
1159425410.jpg,pet
1164131282.jpg,pet
1164765687.jpg,pet
1169307342.jpg,pet
1176580356.jpg,pet
1178705300.jpg,pet
1187435567.jpg,pet
1187593464.jpg,pet
118897631.jpg,pet
1189977786.jpg,pet
1227655020.jpg,pet
1229756013.jpg,pet
123416768.jpg,person
123889082.jpg,pet
1240297429.jpg,pet
1244140539.jpg,pet
1262454669.jpg,pet
1267711451.jpg,pet
1271960365.jpg,pet
1287064529.jpg,pet
1287073593.jpg,person
1287931016.jpg,pet
1287982439.jpg,pet
1288909046.jpg,pet
128912885.jpg,pet
1289352548.jpg,pet
1290894194.jpg,pet
129462636.jpg,person
1306145560.jpg,pet
1311132744.jpg,pet
1319634306.jpg,pet
1324816249.jpg,pet
1330645772.jpg,pet
133905560.jpg,pet
1341787777.jpg,pet
1346529555.jpg,pet
1348113612.jpg,pet
1348891916.jpg,pet
1348947380.jpg,pet
1350948838.jpg,pet
1351315701.jpg,pet
1355935187.jpg,pet
1356543628.jpg,person
1357753846.jpg,pet
1358892595.jpg,pet
1359101233.jpg,pet
1361420539.jpg,pet
1363843090.jpg,pet
1368338041.jpg,pet
1377668044.jpg,pet
1378557186.jpg,pet
1383840121.jpg,pet
1388970365.jpg,pet
1392272228.jpg,pet
1394368714.jpg,pet
1394396709.jpg,pet
1394673080.jpg,person
1397887419.jpg,pet
1402843760.jpg,pet
1403414927.jpg,pet
1405221276.jpg,pet
1418266617.jpg,pet
1425069308.jpg,pet
1429546659.jpg,pet
1433577867.jpg,pet
1436760519.jpg,pet
1440024115.jpg,pet
1445123245.jpg,pet
1445754124.jpg,pet
1446933195.jpg,pet
1449625950.jpg,pet
1454678644.jpg,pet
1460450364.jpg,pet
1461653394.jpg,pet
1465666502.jpg,pet
1466479163.jpg,pet
1468429623.jpg,pet
1469000260.jpg,pet
1469358746.jpg,pet
1470132731.jpg,pet
1470536919.jpg,pet
1478606153.jpg,pet
1489286545.jpg,person
1490213660.jpg,pet
1508269285.jpg,pet
1510078253.jpg,pet
1511807116.jpg,pet
1517721825.jpg,pet
1522787272.jpg,pet
1523984678.jpg,pet
1525153022.jpg,pet
1526181215.jpg,pet
1526325728.jpg,pet
1541272333.jpg,pet
1552065993.jpg,pet
1554713437.jpg,pet
1557838421.jpg,pet
1562392511.jpg,pet
1566117559.jpg,pet
1570723692.jpg,pet
1578355853.jpg,person
1581822598.jpg,pet
1597557856.jpg,pet
1598085252.jpg,pet
1600208439.jpg,pet
1620397000.jpg,pet
1622619190.jpg,pet
1626754053.jpg,pet
162743064.jpg,pet
1659358133.jpg,pet
1659358141.jpg,pet
1659396176.jpg,pet
1662261486.jpg,pet
1670592963.jpg,pet
1674612291.jpg,pet
1679557684.jpg,pet
1679565118.jpg,pet
1679617928.jpg,pet
1685463722.jpg,person
1688699579.jpg,pet
1689991150.jpg,pet
170473787.jpg,person
1713248047.jpg,pet
1713248099.jpg,pet
173020287.jpg,pet
1731546544.jpg,pet
174487818.jpg,pet
1745110280.jpg,pet
1752454466.jpg,pet
175973485.jpg,pet
1772859261.jpg,pet
1773928579.jpg,pet
177769047.jpg,person
1778020185.jpg,pet
1786425974.jpg,pet
179009558.jpg,pet
1800601130.jpg,pet
1801188148.jpg,pet
1801874841.jpg,pet
1805990081.jpg,person
1807463181.jpg,person
1808370027.jpg,pet
1809796012.jpg,pet
1813597483.jpg,pet
1818403842.jpg,pet
1827560917.jpg,pet
185411054.jpg,pet
1859941832.jpg,pet
1884065356.jpg,pet
1895768965.jpg,pet
1897025969.jpg,pet
1904112245.jpg,pet
1918573100.jpg,pet
1923476156.jpg,pet
1926129518.jpg,pet
1932161768.jpg,pet
193596775.jpg,pet
1937104503.jpg,pet
1957371533.jpg,pet
1957701886.jpg,person
195962790.jpg,pet
19610188.jpg,pet
1965278563.jpg,pet
1969573381.jpg,pet
1975531316.jpg,pet
1979233991.jpg,pet
1998255400.jpg,pet
2004674713.jpg,pet
2017276266.jpg,pet
203701114.jpg,person
2045023435.jpg,pet
2051194177.jpg,pet
2052088545.jpg,pet
2053441349.jpg,pet
2053777548.jpg,pet
2054308369.jpg,pet
2054869561.jpg,pet
2056042552.jpg,pet
2058124718.jpg,pet
2059616165.jpg,pet
2061397486.jpg,pet
2062607137.jpg,pet
2064417101.jpg,pet
2066241589.jpg,pet
2066271441.jpg,pet
2067362863.jpg,pet
2071309418.jpg,pet
207275121.jpg,pet
2073756099.jpg,pet
2074764331.jpg,pet
2075041394.jpg,pet
2079152458.jpg,pet
2080033499.jpg,pet
20804307.jpg,person
2082005167.jpg,pet
2082663150.jpg,pet
2084103826.jpg,pet
2084157130.jpg,pet
2085400856.jpg,pet
2089122314.jpg,pet
2089442007.jpg,pet
2090723611.jpg,pet
2090997177.jpg,pet
2094323311.jpg,pet
2095078658.jpg,pet
2095435987.jpg,pet
2095444126.jpg,pet
2098418613.jpg,pet
2099323664.jpg,pet
2100909581.jpg,pet
2101457132.jpg,pet
2102581664.jpg,pet
2103568100.jpg,pet
2106772874.jpg,pet
2108799322.jpg,pet
2110692070.jpg,pet
2110898123.jpg,pet
2114355355.jpg,pet
2114739371.jpg,pet
2115721452.jpg,pet
2115849046.jpg,pet
2116316160.jpg,pet
2119660490.jpg,pet
212536960.jpg,person
2125454445.jpg,pet
2125626631.jpg,pet
2130203183.jpg,pet
2132295466.jpg,pet
2135502491.jpg,pet
2136992638.jpg,pet
2141713971.jpg,pet
2142232919.jpg,pet
214501174.jpg,pet
214543992.jpg,pet
2147866213.jpg,person
2148916767.jpg,pet
2148991939.jpg,pet
2151056407.jpg,pet
2157003092.jpg,pet
2164363131.jpg,pet
2169951750.jpg,pet
2173312932.jpg,pet
2174343200.jpg,pet
2176364472.jpg,pet
2176874361.jpg,pet
2180480870.jpg,pet
2181846120.jpg,pet
2183967273.jpg,pet
2186139563.jpg,pet
2186367337.jpg,pet
2187720319.jpg,pet
2189181027.jpg,pet
2190137367.jpg,pet
2194494220.jpg,pet
2196846255.jpg,pet
2198484810.jpg,pet
2198964806.jpg,pet
2199200615.jpg,pet
2199793371.jpg,pet
2203286182.jpg,pet
2206960564.jpg,pet
2208631481.jpg,pet
2209496328.jpg,pet
2215165918.jpg,pet
2217328285.jpg,pet
2218334049.jpg,pet
221973402.jpg,pet
2219805467.jpg,pet
2219805677.jpg,pet
2220612655.jpg,pet
2222498879.jpg,pet
2226440063.jpg,pet
2228381169.jpg,pet
2229177914.jpg,pet
2229179070.jpg,person
2229509318.jpg,pet
2231048328.jpg,pet
2234018985.jpg,pet
2239938351.jpg,pet
2240539658.jpg,pet
2241768909.jpg,person
2242863004.jpg,pet
2243904502.jpg,pet
2244024374.jpg,pet
224702242.jpg,pet
2247138288.jpg,person
2247889670.jpg,person
2249480913.jpg,pet
2249865945.jpg,pet
2256218522.jpg,pet
2256320794.jpg,pet
2257238490.jpg,person
2257798999.jpg,pet
225909073.jpg,pet
2259203920.jpg,pet
2260537673.jpg,pet
2260560631.jpg,pet
2260649048.jpg,pet
2261257940.jpg,pet
2263655670.jpg,pet
2264316030.jpg,pet
2267682214.jpg,pet
2269961438.jpg,pet
2270483627.jpg,pet
2271890493.jpg,pet
2272426567.jpg,pet
2273038287.jpg,pet
2273591668.jpg,pet
2273648636.jpg,pet
2274602044.jpg,person
2275029674.jpg,pet
2276499757.jpg,pet
2279945145.jpg,pet
2280354512.jpg,pet
2280525192.jpg,pet
2281006675.jpg,pet
2281075738.jpg,pet
2282522980.jpg,pet
2283966256.jpg,pet
2284894733.jpg,pet
2286270205.jpg,pet
2287023569.jpg,pet
2287887341.jpg,pet
2288315705.jpg,pet
2289212650.jpg,pet
2294598473.jpg,pet
2295215289.jpg,pet
2295447147.jpg,pet
2295894587.jpg,pet
2297471897.jpg,pet
2298077331.jpg,pet
2298097636.jpg,pet
229862312.jpg,pet
2299427360.jpg,pet
230016181.jpg,pet
2300168895.jpg,pet
2300229745.jpg,pet
2300920203.jpg,pet
2301525531.jpg,pet
2303016989.jpg,pet
2303426046.jpg,pet
2303951441.jpg,pet
2304374703.jpg,pet
2305437797.jpg,pet
2306186887.jpg,pet
2307451605.jpg,pet
2308271254.jpg,pet
2309327462.jpg,pet
2310126952.jpg,pet
2311690895.jpg,pet
2312731013.jpg,pet
2313230479.jpg,pet
2314722788.jpg,pet
2314732154.jpg,pet
2315418282.jpg,pet
2315807231.jpg,pet
2318659263.jpg,pet
2319197581.jpg,pet
2320125735.jpg,pet
2321865325.jpg,pet
2322327298.jpg,pet
2325258180.jpg,pet
2325816912.jpg,pet
2326730558.jpg,pet
232874193.jpg,pet
2330062180.jpg,pet
2331510788.jpg,pet
233242340.jpg,pet
233361142.jpg,pet
2335619125.jpg,pet
2335634931.jpg,pet
2339164918.jpg,pet
2339946012.jpg,pet
2340919359.jpg,pet
2345984157.jpg,pet
2347921097.jpg,pet
2349645589.jpg,person
2350400382.jpg,pet
2351870496.jpg,pet
2353088412.jpg,pet
2353102255.jpg,pet
2353119813.jpg,pet
2354064281.jpg,pet
2356664078.jpg,pet
2358561039.jpg,pet
2358898017.jpg,pet
2360371074.jpg,person
236144859.jpg,pet
2363520556.jpg,pet
2364096157.jpg,pet
2364394224.jpg,pet
236518934.jpg,pet
2367139509.jpg,pet
2368266191.jpg,pet
2369248869.jpg,pet
2372763106.jpg,person
2374570771.jpg,pet
2374652725.jpg,pet
237547381.jpg,pet
2375924666.jpg,pet
2377460540.jpg,pet
2378127945.jpg,pet
2378544134.jpg,pet
2381102729.jpg,pet
2382411771.jpg,pet
2384147448.jpg,pet
2389107995.jpg,pet
2391269207.jpg,pet
2391657339.jpg,pet
2392625002.jpg,pet
2393410666.jpg,pet
2394267183.jpg,person
239453674.jpg,pet
2394763838.jpg,pet
2398605966.jpg,pet
2402462857.jpg,pet
2403376030.jpg,pet
2403544744.jpg,pet
2404488732.jpg,pet
2404520067.jpg,pet
2404692474.jpg,pet
240583223.jpg,pet
2405978603.jpg,pet
240696675.jpg,pet
2407470303.jpg,pet
2410040397.jpg,pet
2410320522.jpg,pet
2410399168.jpg,pet
241046599.jpg,pet
241109594.jpg,pet
2411824767.jpg,pet
2413495734.jpg,person
2414035800.jpg,person
2414397449.jpg,pet
2414710960.jpg,pet
2415265825.jpg,pet
2419221084.jpg,pet
2421446839.jpg,pet
2422482455.jpg,pet
242324909.jpg,pet
2426724282.jpg,pet
2427558437.jpg,pet
2428086758.jpg,pet
2428275562.jpg,pet
2428751994.jpg,pet
2429978680.jpg,pet
2430860418.jpg,pet
2432061076.jpg,pet
2434006663.jpg,pet
2436398074.jpg,pet
2438085746.jpg,pet
2442243868.jpg,pet
2443512473.jpg,pet
244399048.jpg,pet
2444339090.jpg,pet
244443352.jpg,pet
2444821454.jpg,pet
2445783904.jpg,pet
2446315531.jpg,pet
2448210587.jpg,pet
2448270671.jpg,pet
2450453051.jpg,pet
2450486758.jpg,pet
2451114871.jpg,pet
2451285022.jpg,pet
2452238877.jpg,pet
245252561.jpg,pet
2453318633.jpg,pet
2453891449.jpg,pet
2456615908.jpg,pet
2458006588.jpg,pet
2460134050.jpg,pet
2460159430.jpg,pet
246055693.jpg,pet
246094557.jpg,pet
2461372011.jpg,pet
2462153092.jpg,person
246231741.jpg,pet
2463067409.jpg,pet
2464259416.jpg,pet
2465691083.jpg,pet
2466171100.jpg,pet
2466171114.jpg,pet
2467803152.jpg,pet
2467850190.jpg,pet
2469498117.jpg,pet
2472634822.jpg,pet
2475300106.jpg,pet
247704641.jpg,pet
2477121456.jpg,pet
247778426.jpg,pet
2479162876.jpg,pet
2479180530.jpg,pet
2482629385.jpg,pet
2483993772.jpg,pet
248858242.jpg,pet
248994078.jpg,pet
2490687446.jpg,pet
2493469969.jpg,pet
2494088238.jpg,pet
2495931537.jpg,pet
2496370758.jpg,pet
2497608431.jpg,pet
2500567791.jpg,pet
2501742763.jpg,pet
2502856739.jpg,pet
2502905671.jpg,person
2503629305.jpg,pet
2503678250.jpg,pet
2504056718.jpg,pet
250406927.jpg,pet
2504764590.jpg,person
2505360288.jpg,pet
2505465055.jpg,pet
2507182524.jpg,pet
2507312812.jpg,pet
2508313118.jpg,pet
250892549.jpg,pet
2509824208.jpg,pet
251056963.jpg,pet
2511019188.jpg,pet
2513260012.jpg,pet
2514581496.jpg,pet
251586160.jpg,pet
251792066.jpg,pet
2518094853.jpg,pet
2518219912.jpg,pet
2518508760.jpg,pet
2519594430.jpg,pet
2522809984.jpg,pet
2524003134.jpg,pet
252504549.jpg,pet
2525270674.jpg,pet
2525716531.jpg,pet
2526585002.jpg,pet
252802010.jpg,pet
2534502836.jpg,pet
2538423833.jpg,pet
2541104331.jpg,pet
2542662402.jpg,pet
254295381.jpg,pet
2543247940.jpg,pet
2543589122.jpg,pet
2545192257.jpg,pet
254527963.jpg,pet
2546667441.jpg,pet
2546959333.jpg,pet
2547785434.jpg,pet
2550109269.jpg,pet
255266148.jpg,pet
2552816307.jpg,pet
2552949275.jpg,pet
2553188198.jpg,pet
255330891.jpg,person
2555535057.jpg,pet
2555622234.jpg,pet
2557507575.jpg,pet
2558312618.jpg,pet
2559114800.jpg,pet
2560278143.jpg,pet
256085101.jpg,pet
2561212119.jpg,pet
2561334141.jpg,pet
2561481438.jpg,pet
256283122.jpg,person
256292144.jpg,pet
2564888404.jpg,pet
2565237642.jpg,pet
2565685680.jpg,pet
2567035103.jpg,pet
2567812221.jpg,person
2573625591.jpg,pet
2574194729.jpg,pet
2574230252.jpg,pet
257588281.jpg,pet
2578395598.jpg,pet
2579460386.jpg,pet
2582390123.jpg,pet
2583001715.jpg,pet
2584412512.jpg,pet
2584487952.jpg,pet
2584957647.jpg,pet
2586532797.jpg,pet
2587017287.jpg,pet
2587846523.jpg,person
2590207488.jpg,pet
2591486448.jpg,pet
2591603141.jpg,pet
259314892.jpg,pet
2594902417.jpg,pet
2596475173.jpg,pet
2596900481.jpg,person
2600386812.jpg,pet
2600867924.jpg,pet
260162669.jpg,pet
2602306033.jpg,pet
260231029.jpg,pet
2604825598.jpg,pet
2607462776.jpg,pet
2609836649.jpg,pet
2613209320.jpg,pet
2613993276.jpg,pet
2616009069.jpg,pet
2616284322.jpg,pet
2616561200.jpg,pet
2616673985.jpg,pet
2616991671.jpg,person
2618538137.jpg,pet
2618866067.jpg,pet
2620113705.jpg,pet
262570082.jpg,pet
262642489.jpg,pet
2629295654.jpg,pet
2629346153.jpg,pet
2629402527.jpg,pet
2629445284.jpg,pet
2630507245.jpg,pet
2631290870.jpg,person
2632366677.jpg,pet
2633201394.jpg,pet
263522013.jpg,pet
2635483351.jpg,pet
2636876892.jpg,pet
2637904605.jpg,pet
2637959357.jpg,pet
2641288004.jpg,pet
2644326817.jpg,pet
2647593678.jpg,person
2649406158.jpg,pet
2650620212.jpg,pet
2654514044.jpg,pet
2655196158.jpg,pet
2656688132.jpg,pet
2658009523.jpg,pet
2659278131.jpg,pet
2661437618.jpg,pet
2662816021.jpg,pet
2663248626.jpg,pet
2665904080.jpg,pet
2666078276.jpg,pet
267162122.jpg,pet
2673148534.jpg,pet
267325341.jpg,pet
2675397335.jpg,pet
2677614492.jpg,pet
2677656448.jpg,pet
267836606.jpg,pet
2679851489.jpg,pet
2680619645.jpg,pet
2682194299.jpg,pet
2684489465.jpg,pet
2686803722.jpg,person
2687328779.jpg,pet
2691966747.jpg,pet
2692635048.jpg,pet
2695961935.jpg,pet
2695962887.jpg,pet
269630255.jpg,pet
2696394827.jpg,pet
2696866120.jpg,pet
2698197294.jpg,pet
2699426519.jpg,pet
2699733386.jpg,pet
2701042060.jpg,pet
2701271123.jpg,pet
2702506716.jpg,pet
2704362232.jpg,pet
2705793985.jpg,pet
2707244524.jpg,pet
2707969386.jpg,pet
2708744743.jpg,person
2709648336.jpg,pet
2709683703.jpg,pet
2710280476.jpg,pet
2713897716.jpg,pet
2714220101.jpg,pet
2714703706.jpg,pet
2716369043.jpg,person
271637337.jpg,pet
2717686269.jpg,pet
2720215226.jpg,pet
2723477522.jpg,pet
272546805.jpg,pet
2727591060.jpg,person
2728486640.jpg,pet
272940778.jpg,pet
2730994020.jpg,pet
2734669176.jpg,pet
2735158990.jpg,pet
2735290454.jpg,pet
2735979477.jpg,pet
2738077433.jpg,pet
10082348.jpg,person
101471792.jpg,person
101958970.jpg,person
102030371.jpg,person
102575576.jpg,person
102851549.jpg,person
10404007.jpg,person
1042590306.jpg,person
104816788.jpg,person
1071201387.jpg,person
1075881101.jpg,person
1082608010.jpg,person
109380144.jpg,person
1095980313.jpg,person
110671345.jpg,person
1112334131.jpg,person
111537222.jpg,person
1141644104.jpg,person
1149097018.jpg,person
115275671.jpg,person
116382784.jpg,person
1167669558.jpg,person
116976749.jpg,person
1187252153.jpg,person
1190951807.jpg,person
1207159468.jpg,person
120778976.jpg,person
121197973.jpg,person
1220401002.jpg,person
1231348815.jpg,person
123314995.jpg,person
1234206849.jpg,person
1245022983.jpg,person
1248734482.jpg,person
1251558317.jpg,person
1269470943.jpg,person
127489408.jpg,person
1289352588.jpg,person
129528391.jpg,person
12974441.jpg,person
129860826.jpg,person
1299459550.jpg,person
1300075854.jpg,person
1301140633.jpg,person
130211457.jpg,person
1307635496.jpg,person
131114016.jpg,person
1335617803.jpg,person
1338523142.jpg,person
134867998.jpg,person
1350418415.jpg,person
1356796100.jpg,person
136581487.jpg,person
13691837.jpg,person
1389264266.jpg,person
1389651420.jpg,person
1390436676.jpg,person
1402640441.jpg,person
140377584.jpg,person
140732943.jpg,person
141213544.jpg,person
1413956047.jpg,person
1417941060.jpg,person
1421047822.jpg,person
1425485485.jpg,person
14264287.jpg,person
1429723917.jpg,person
143688205.jpg,person
1437408671.jpg,person
1443030135.jpg,person
1450150621.jpg,person
1454217779.jpg,person
145558685.jpg,person
145645390.jpg,person
1456630952.jpg,person
146100443.jpg,person
1461886497.jpg,person
1463732130.jpg,person
1463732807.jpg,person
1463946109.jpg,person
1464120327.jpg,person
1478268555.jpg,person
147992532.jpg,person
1481393167.jpg,person
1496289999.jpg,person
1501398164.jpg,person
1512967800.jpg,person
151853983.jpg,person
153955101.jpg,person
154257460.jpg,person
154656621.jpg,person
1546632452.jpg,person
155515294.jpg,person
1558277287.jpg,person
156377245.jpg,person
1569687608.jpg,person
157192048.jpg,person
1601358043.jpg,person
160566014.jpg,person
1621733153.jpg,person
162967671.jpg,person
163804372.jpg,person
166174352.jpg,person
167285940.jpg,person
1675485579.jpg,person
1676898063.jpg,person
1678345419.jpg,person
1680409989.jpg,person
1693733107.jpg,person
170704395.jpg,person
171133671.jpg,person
1716219111.jpg,person
173933370.jpg,person
174040619.jpg,person
174611183.jpg,person
1765164972.jpg,person
176527896.jpg,person
1775741422.jpg,person
177591612.jpg,person
1798215547.jpg,person
1801663973.jpg,person
1805628702.jpg,person
1817746886.jpg,person
1819261140.jpg,person
1827287777.jpg,person
185006469.jpg,person
1850910604.jpg,person
1859726819.jpg,person
189244453.jpg,person
189479565.jpg,person
189721896.jpg,person
190878894.jpg,person
1921102799.jpg,person
192786590.jpg,person
1939130031.jpg,person
194433740.jpg,person
196016880.jpg,person
197688193.jpg,person
19796500.jpg,person
1991806812.jpg,person
199412680.jpg,person
203146155.jpg,person
2037264035.jpg,person
2040122955.jpg,person
2041867793.jpg,person
2044172209.jpg,person
2045443590.jpg,person
2053683299.jpg,person
2062224960.jpg,person
2064792226.jpg,person
2065300784.jpg,person
2067833088.jpg,person
2074146683.jpg,person
2075493556.jpg,person
2080474604.jpg,person
2085557551.jpg,person
2086462231.jpg,person
2089542487.jpg,person
2090327868.jpg,person
2090387793.jpg,person
2090545563.jpg,person
2092223894.jpg,person
2092870249.jpg,person
2092922849.jpg,person
2095667691.jpg,person
209605542.jpg,person
2096686198.jpg,person
2097420505.jpg,person
2098174172.jpg,person
2102030040.jpg,person
2102360862.jpg,person
210839948.jpg,person
2111360187.jpg,person
2128119486.jpg,person
212863746.jpg,person
2130986011.jpg,person
2131161531.jpg,person
2136514643.jpg,person
2137836768.jpg,person
2140220291.jpg,person
214168917.jpg,person
2141692397.jpg,person
2144846312.jpg,person
2147107496.jpg,person
2151229468.jpg,person
215529847.jpg,person
2158625230.jpg,person
2168021521.jpg,person
2169709244.jpg,person
2175631995.jpg,person
2181724497.jpg,person
2185793891.jpg,person
2195419145.jpg,person
219843859.jpg,person
219843860.jpg,person
2201050079.jpg,person
2204545235.jpg,person
2206594874.jpg,person
2208310655.jpg,person
2209610692.jpg,person
2210633831.jpg,person
2213113526.jpg,person
2216878754.jpg,person
2218519240.jpg,person
2221818690.jpg,person
2224450291.jpg,person
2225231022.jpg,person
2225385013.jpg,person
2230503574.jpg,person
2230693384.jpg,person
2242347403.jpg,person
2244594614.jpg,person
2245551446.jpg,person
2247101794.jpg,person
2248487956.jpg,person
2251152321.jpg,person
2252299132.jpg,person
2255685792.jpg,person
2256138896.jpg,person
2257099774.jpg,person
2261264620.jpg,person
2264280779.jpg,person
2264439641.jpg,person
2270097521.jpg,person
2274021471.jpg,person
2286377428.jpg,person
2288929515.jpg,person
2288988751.jpg,person
2294231101.jpg,person
2294516804.jpg,person
23018379.jpg,person
2302747917.jpg,person
2308322210.jpg,person
2311881432.jpg,person
2315350560.jpg,person
2324374253.jpg,person
2324979199.jpg,person
2333643699.jpg,person
2333816000.jpg,person
2335170310.jpg,person
2339331195.jpg,person
2339573065.jpg,person
2342643387.jpg,person
2352354708.jpg,person
2355880294.jpg,person
236095031.jpg,person
236095034.jpg,person
2362068632.jpg,person
2368008984.jpg,person
237168242.jpg,person
2380093030.jpg,person
2383814994.jpg,person
2384353160.jpg,person
2388533183.jpg,person
2392460773.jpg,person
23925202.jpg,person
2393196444.jpg,person
2396669903.jpg,person
239807547.jpg,pet
2399114095.jpg,pet
2410906422.jpg,person
2419816094.jpg,person
2420546021.jpg,person
2421824039.jpg,person
2424111022.jpg,person
2424398046.jpg,person
2428088070.jpg,person
2429227535.jpg,person
242984829.jpg,person
2435518586.jpg,person
2435804989.jpg,person
2438754748.jpg,person
2439663077.jpg,person
2443229844.jpg,person
2446928343.jpg,person
2454932897.jpg,person
2455300855.jpg,person
2455649161.jpg,person
2456675104.jpg,person
2457052334.jpg,person
2458862292.jpg,person
2460804866.jpg,person
246343513.jpg,person
2463692128.jpg,person
246941783.jpg,person
247248892.jpg,person
2474092890.jpg,person
24761526.jpg,person
247618600.jpg,person
247691240.jpg,person
2482588693.jpg,person
248698033.jpg,person
2488795251.jpg,person
2490179961.jpg,person
2493825916.jpg,person
2504683345.jpg,person
2505988632.jpg,person
2522230304.jpg,person
2526412711.jpg,person
2531531628.jpg,person
2536876757.jpg,person
2537002791.jpg,person
253924161.jpg,person
2539603374.jpg,person
2540360421.jpg,person
2542285730.jpg,person
254308532.jpg,person
2546149002.jpg,person
2548777800.jpg,person
2549933281.jpg,person
2549950283.jpg,person
2560981288.jpg,person
2572101672.jpg,person
2574247263.jpg,person
2577972703.jpg,person
2585970434.jpg,person
2586695332.jpg,person
2587106431.jpg,person
2592093693.jpg,person
2594336381.jpg,person
2596876977.jpg,person
2597452118.jpg,person
2597873827.jpg,person
2601008162.jpg,person
260392919.jpg,person
2617155996.jpg,person
2617219856.jpg,person
2629027962.jpg,person
263231469.jpg,person
2636454827.jpg,person
2636668640.jpg,person
2638207727.jpg,person
2641049916.jpg,person
2644916196.jpg,person
2648238429.jpg,person
2649850541.jpg,person
2650568697.jpg,person
265179051.jpg,person
265528702.jpg,person
2657592654.jpg,person
2659046789.jpg,person
2660480624.jpg,person
2663272259.jpg,person
2666830229.jpg,person
2667108760.jpg,person
2674742398.jpg,person
2676015068.jpg,person
2678343915.jpg,person
2685343089.jpg,person
2688936204.jpg,person
2694426634.jpg,person
2696951725.jpg,person
2699721751.jpg,person
2702682262.jpg,person
2705922148.jpg,person
2705922270.jpg,person
2706766641.jpg,person
2708775214.jpg,person
2709695869.jpg,person
2711758070.jpg,person
2715173880.jpg,person
271660510.jpg,person
2721132879.jpg,person
272156850.jpg,person
272283076.jpg,person
2723785828.jpg,person
2726180005.jpg,person
2728813605.jpg,person
2736656254.jpg,person
273699639.jpg,person
2739332078.jpg,person
2744705147.jpg,person
274646416.jpg,person
2752331711.jpg,person
2754898893.jpg,person
2757779501.jpg,person
276058751.jpg,person
2765793811.jpg,person
2766325714.jpg,person
2771424045.jpg,person
2773468269.jpg,person
2773682293.jpg,person
2773851719.jpg,person
2774705720.jpg,person
2776593721.jpg,person
2781296531.jpg,person
2783430487.jpg,person
2785408815.jpg,person
2786996501.jpg,person
2788945468.jpg,person
279413258.jpg,person
279550225.jpg,person
2796120739.jpg,person
2804904604.jpg,person
280899903.jpg,person
280899906.jpg,person
2814037463.jpg,person
2817230861.jpg,person
2827108217.jpg,person
2830309113.jpg,person
2836553263.jpg,person
2836703077.jpg,person
2837480448.jpg,person
2844588501.jpg,person
2847859796.jpg,person
285208916.jpg,person
2858422057.jpg,person
2858793859.jpg,person
2862306612.jpg,person
2862676319.jpg,person
2863458991.jpg,person
2870194345.jpg,person
2878705136.jpg,person
287968801.jpg,person
2879966085.jpg,person
2881561370.jpg,person
2882743431.jpg,pet
2884420269.jpg,person
288508162.jpg,pet
2885388989.jpg,person
2886837407.jpg,person
288880576.jpg,person
2888815691.jpg,person
2890385480.jpg,person
289262437.jpg,person
2896668718.jpg,person
290019324.jpg,pet
2901341974.jpg,person
2904129133.jpg,person
2904739724.jpg,person
2908493594.jpg,person
2909081008.jpg,person
291768952.jpg,person
2918880895.jpg,person
2922981282.jpg,person
2924489177.jpg,person
2925163942.jpg,person
2925760802.jpg,person
2928580824.jpg,person
2929086689.jpg,person
2930318834.jpg,person
2931950813.jpg,person
2937606915.jpg,person
2943399558.jpg,person
2943557287.jpg,person
2947452329.jpg,person
2956824677.jpg,person
295939538.jpg,person
2960299941.jpg,person
2963949355.jpg,person
2971285079.jpg,person
2971725406.jpg,person
2973340314.jpg,person
2975627633.jpg,person
297725738.jpg,person
2985679744.jpg,person
2987775031.jpg,person
2991375936.jpg,person
299178969.jpg,person
2991994415.jpg,person
2992217972.jpg,person
299357456.jpg,person
2993856241.jpg,person
2995935078.jpg,person
2996430347.jpg,person
2999638340.jpg,pet
3006095077.jpg,person
3015898903.jpg,person
3016726158.jpg,person
3016741474.jpg,person
3017203816.jpg,person
3018847610.jpg,person
3021616312.jpg,person
3025495499.jpg,person
3027206488.jpg,person
3029928396.jpg,person
3030954495.jpg,person
3032493516.jpg,person
3033668641.jpg,person
3035118753.jpg,person
3036261575.jpg,person
3040051410.jpg,person
3041384194.jpg,person
3042483842.jpg,person
304398170.jpg,person
304448536.jpg,person
3046916429.jpg,person
3047264032.jpg,person
3047264346.jpg,person
3050523266.jpg,person
3050860568.jpg,person
305199420.jpg,person
306113908.jpg,person
3066338314.jpg,person
3070011270.jpg,pet
3070609314.jpg,person
3074617663.jpg,pet
307694980.jpg,person
3079340229.jpg,person
3079787482.jpg,person
307994435.jpg,person
3084010872.jpg,person
3084011028.jpg,person
3084011664.jpg,person
3084149186.jpg,person
3086387529.jpg,person
3087243192.jpg,person
3090021677.jpg,person
3091382602.jpg,person
3091786541.jpg,person
309238565.jpg,person
3094278545.jpg,person
309546889.jpg,person
309612584.jpg,person
309687244.jpg,person
3097776588.jpg,person
3099865313.jpg,person
3101378069.jpg,person
3103185190.jpg,person
3103292929.jpg,person
3107592525.jpg,person
3113105156.jpg,person
3113682377.jpg,person
3117602933.jpg,person
3118505332.jpg,person
3119887967.jpg,person
3121521593.jpg,person
3124838157.jpg,person
3125158798.jpg,person
3128514681.jpg,person
31292211.jpg,person
313051099.jpg,pet
3133403457.jpg,person
3134387513.jpg,person
3134586018.jpg,person
3135317718.jpg,person
3139160252.jpg,person
3143159297.jpg,person
3143980056.jpg,person
3145967019.jpg,person
314799867.jpg,person
3148193539.jpg,person
3153720471.jpg,person
3155501473.jpg,person
3157847991.jpg,person
3167365436.jpg,person
3169163556.jpg,person
3169276423.jpg,person
3171020648.jpg,person
3171451305.jpg,person
3172280520.jpg,person
3173025050.jpg,person
3175849727.jpg,person
3175887061.jpg,person
3178005751.jpg,person
3179223972.jpg,person
3179226630.jpg,person
3179230430.jpg,person
3179296090.jpg,person
3182517887.jpg,person
3183519385.jpg,person
3183883750.jpg,person
3184112120.jpg,person
3188044631.jpg,person
3193335577.jpg,person
3194134352.jpg,person
3197194113.jpg,person
3197960343.jpg,person
319847643.jpg,person
3199645963.jpg,person
320093980.jpg,pet
3201128175.jpg,person
3203653804.jpg,person
3205889772.jpg,person
3208747984.jpg,person
3208987435.jpg,person
3208999896.jpg,person
3209269845.jpg,person
3210118347.jpg,person
3214573346.jpg,pet
3217231044.jpg,person
3217291172.jpg,person
3217893350.jpg,person
3220126881.jpg,person
3220767301.jpg,person
3225729247.jpg,person
3225984916.jpg,person
3227111573.jpg,person
3231880001.jpg,person
3234719720.jpg,person
3238951136.jpg,person
3239795548.jpg,person
3242007318.jpg,person
3245070961.jpg,person
3245504245.jpg,person
3248220732.jpg,person
3249624518.jpg,person
325576658.jpg,person
3258396041.jpg,person
3258472448.jpg,person
3261591334.jpg,person
3261622623.jpg,person
3263215700.jpg,pet
3264004517.jpg,person
3264397357.jpg,person
3265864834.jpg,pet
3275704430.jpg,person
3275711232.jpg,person
3280050128.jpg,person
3282121432.jpg,person
3282925526.jpg,person
3286543624.jpg,person
3287760645.jpg,person
3289429783.jpg,person
3296124052.jpg,person
329832952.jpg,person
329835313.jpg,person
3299408000.jpg,person
3300679815.jpg,person
3307810562.jpg,person
3310551665.jpg,person
3316045142.jpg,person
3316877738.jpg,person
3318564834.jpg,person
3318927181.jpg,person
3319058642.jpg,person
3319712233.jpg,person
3322520912.jpg,person
33256003.jpg,person
3328678123.jpg,person
3329961466.jpg,person
3333619888.jpg,person
3333826465.jpg,person
3337046794.jpg,pet
3338120273.jpg,person
3338573401.jpg,person
3343049003.jpg,person
3345621370.jpg,person
3349194268.jpg,person
3349415759.jpg,person
33497646.jpg,person
3352791995.jpg,person
3356700488.jpg,person
3361990489.jpg,person
3367579796.jpg,person
3370085095.jpg,person
3373544964.jpg,pet
3373946160.jpg,pet
337647771.jpg,pet
3377263562.jpg,person
3377570617.jpg,person
3378389034.jpg,person
3380140802.jpg,person
3381700783.jpg,person
3381746410.jpg,person
3389321512.jpg,person
3389491391.jpg,person
3396153660.jpg,person
339734472.jpg,person
3399798295.jpg,person
3399843227.jpg,person
3400385314.jpg,person
3403263046.jpg,person
340816800.jpg,person
3410519828.jpg,person
3414734842.jpg,person
3417143124.jpg,pet
3417662443.jpg,person
3421131122.jpg,person
3424851862.jpg,person
342872408.jpg,person
343301629.jpg,person
3433062788.jpg,person
3435648640.jpg,pet
3437107047.jpg,person
3437702351.jpg,person
344205744.jpg,person
3444982197.jpg,person
3451623753.jpg,person
3454051143.jpg,person
3457455611.jpg,person
3459156091.jpg,person
3459419203.jpg,person
3459492423.jpg,person
3465000218.jpg,person
3467179961.jpg,person
3474648788.jpg,person
3478591390.jpg,person
3489037458.jpg,person
3490044563.jpg,person
3495453699.jpg,person
3495490064.jpg,person
3497255828.jpg,person
3498240367.jpg,person
349877184.jpg,person
3498914375.jpg,person
3500147750.jpg,person
3503483247.jpg,person
3503624011.jpg,person
3504275465.jpg,pet
3508522093.jpg,person
3512791890.jpg,person
3514085802.jpg,person
3514685438.jpg,person
3518755601.jpg,person
3519233693.jpg,person
3520321387.jpg,person
3520869880.jpg,person
3520936130.jpg,person
3525841965.jpg,person
3526150930.jpg,person
3527184455.jpg,person
3527320221.jpg,person
3529721084.jpg,person
3532205154.jpg,person
3532761259.jpg,person
3534046564.jpg,pet
3534512991.jpg,person
3534824784.jpg,person
353913.jpg,person
3539612893.jpg,person
3544573946.jpg,person
3547704737.jpg,person
3549208986.jpg,person
3554277535.jpg,person
355444658.jpg,pet
3555729342.jpg,person
3557886648.jpg,person
